{
	"experiment_id": 1,
	"k_migration": 2,
	"k_lane_cohesion": 1,
	"k_rotation": 1,
	"k_seperation": 2,
	"r_conflict": 5,
	"r_collision": 2.5,
	"pass_permission": [false, false, false, false, false, false, false, false, false, false],
	"repeat": true,
	"pre_start_positions": [
		[
			-45,
			0,
			-60
		],
		[
			45,
			0,
			-60
		],
		[
			-45, 
			5,
			-60
		],
		[
			45,
			5,
			-60
		],
		[
			-45, 
			-5,
			-60
		],
		[
			45,
			-5,
			-60
		],
		[
			-45, 
			10,
			-60
		],
		[
			45,
			10,
			-60
		],
		[
			-45, 
			-10,
			-60
		],
		[
			45,
			-10,
			-60
		]
	],
	"initial_paths": [
		0,
		0,
		0,
		0,
		0,
		0,
		0,
		0,
		0,
		0
	],
	"path_rotation_dir": [
		1
	],
	"corridor_radius": [
		5
	],
	"corridor_points": [[[-39.99994926910158, 0, -60.063706116659475], [-39.92509660375052, 0, -57.55323454716454], [-39.692837487767164, 0, -55.05240945815991], [-39.304087612939, 0, -52.5710904626308], [-38.76037964275805, 0, -50.11906026993045], [-38.06385716982764, 0, -47.705986117017744], [-37.2172662646542, 0, -45.34138165495014], [-36.22394464914339, 0, -43.03456944089554], [-35.08780853748466, 0, -40.7946441835404], [-33.81333719630437, 0, -38.63043688680044], [-32.405555284959966, 0, -36.55048003319891], [-30.870013045599368, 0, -34.562973944178836], [-29.21276442108693, 0, -32.67575444997469], [-27.44034318706731, 0, -30.896261996506897], [-25.559737192267388, 0, -29.231512311096225], [-23.57836080859503, 0, -27.68806874265003], [-21.504025699651613, 0, -26.272016385370392], [-19.344910022904397, 0, -24.988938088002342], [-17.109526186940748, 0, -23.843892443206933], [-14.806687290922664, 0, -22.841393843837075], [-12.445472378555289, 0, -21.985394684744946], [-10.035190643557696, 0, -21.279269780291436], [-7.585344727756786, 0, -20.725803058991872], [-5.10559325650366, 0, -20.327176587755382], [-2.6057127591180977, 0, -20.084961968990072], [-0.09555912449126154, 0, -20.000114144491278], [2.4149712561898418, 0, -20.072967630541626], [4.91598050640034, 0, -20.303235199065753], [7.397608287091305, 0, -20.690009010039724], [9.850070671510418, 0, -21.2317641906902], [12.263698718763955, 0, -21.926364847372568], [14.628976594041628, 0, -22.771072486425524], [16.936579085214294, 0, -23.762556810802977], [19.17740836789318, 0, -24.89690884991664], [21.342629874002938, 0, -26.169656370924677], [23.42370712245526, 0, -27.575781510706555], [25.412435374601095, 0, -29.109740559009172], [27.300973981774032, 0, -30.765485814768574], [29.081877297392747, 0, -32.53648942943761], [30.74812403175031, 0, -34.415769143316055], [32.29314493375802, 0, -36.39591581341698], [33.71084869050679, 0, -38.469122624338866], [34.995645942536505, 0, -40.62721586697905], [36.14247132013173, 0, -42.86168716374172], [37.14680341376461, 0, -45.16372701319075], [38.004682599951146, 0, -47.52425952189729], [38.71272665224091, 0, -49.93397818654875], [39.26814407579373, 0, -52.38338258524784], [39.66874511297099, 0, -54.86281583334406], [39.912950376551464, 0, -57.362502656126445], [39.99979707653501, 0, -59.87258792827448], [39.92894281598443, 0, -62.38317552812323], [39.70066694094055, 0, -64.88436735355872], [39.315869439088104, 0, -67.36630234572124], [38.77606739151473, 0, -69.81919536666364], [38.08338899155192, 0, -72.23337577768876], [37.240565154279246, 0, -74.59932556626785], [36.25091874977139, 0, -76.90771687122401], [35.11835150253664, 0, -79.14944875823538], [33.847328608796296, 0, -81.31568310066933], [32.44286113225198, 0, -83.39787942428575], [30.910486247746512, 0, -85.3878285784325], [29.256245410708384, 0, -87.27768510098326], [27.486660538447655, 0, -89.05999814941742], [25.60870829721022, 0, -90.7277408760943], [23.629792596363707, 0, -92.27433813190962], [21.557715398159072, 0, -93.69369238911008], [19.400645958151223, 0, -94.98020778106485], [17.167088617548995, 0, -96.12881216421624], [14.865849274476124, 0, -97.13497711522868], [12.506000666329868, 0, -97.99473578449727], [10.096846600114668, 0, -98.70469853562682], [7.647885271773757, 0, -99.26206630922252], [5.16877181913317, 0, -99.66464165830487], [2.669280256096118, 0, -99.9108374118411], [0.15926493816318957, 0, -99.99968293223675], [-2.3513782887984407, 0, -99.93082794211719], [-4.85275110336233, 0, -99.7045439053116], [-7.334991733111228, 0, -99.32172295659474], [-9.788313835108323, 0, -98.78387438440654], [-12.203045078985502, 0, -98.09311868041586], [-14.569665280531334, 0, -97.25217917938869], [-16.87884393543615, 0, -96.26437132232118], [-19.121477005216352, 0, -95.13358958516739], [-21.28872281028665, 0, -93.86429212469649], [-23.372036888670856, 0, -92.46148320201357], [-25.363205682919443, 0, -90.93069345303986], [-27.25437892242139, 0, -89.2779580837372], [-29.03810057344146, 0, -87.50979307604291], [-30.707338234861435, 0, -85.63316949832418], [-32.25551086373087, 0, -83.65548602163439], [-33.676514721318924, 0, -81.58453975012648], [-34.9647474373726, 0, -79.42849548062705], [-36.11513009770838, 0, -77.19585351256512], [-37.12312726805462, 0, -74.89541613516789], [-37.98476487520105, 0, -72.53625292404762], [-38.69664587495721, 0, -70.12766498400083], [-39.255963645148654, 0, -67.67914827899341], [-39.660513050848465, 0, -65.20035619390427], [-39.90869913821874, 0, -62.7010614756311]]]

}
