{
	"experiment_id": 1,
	"k_migration": 2,
	"k_lane_cohesion": 1,
	"k_rotation": 1,
	"k_seperation": 2,
	"r_conflict": 5,
	"r_collision": 2.5,
	"pass_permission": [false, false, false, false, false, false, false, false, false, false],
	"repeat": false,
	"pre_start_positions": [
		[
			42,
			-3,
			-102
		],
		[
			-42,
			-3,
			-102
		],
		[
			-42, 
			-6,
			-18
		],
		[
			42,
			-6,
			-18
		],
		[
			42, 
			3,
			-102
		],
		[
			-42,
			3,
			-102
		],
		[
			-42, 
			0,
			-18
		],
		[
			42,
			0,
			-18
		]
	],
	"initial_paths": [
		0,
		1,
		2,
		3,
		0,
		1,
		2,
		3
	],
	"path_rotation_dir": [
		1,1,1,1
	],
	"corridor_radius": [
		5,5,5,5
	],
	"corridor_points": [[[42,0, -102],[28.284271247461902, 0, -88.2842712474619], [26.452474612946077, 0, -90.00444278521837], [24.516282146119064, 0, -91.60620049502761], [22.48333511408522, 0, -93.08322297098248], [20.361656630014856, 0, -94.42968108015774], [18.159619989581874, 0, -95.64026096753472], [15.885915625391222, 0, -96.71018502735924], [13.54951680981166, 0, -97.63523075816902], [11.159644241569172, 0, -98.41174742707773], [8.725729655861707, 0, -99.03667047754989], [6.257378601609237, 0, -99.50753362380551], [3.7643325327405712, 0, -99.8224785841232], [1.256430363125136, 0, -99.98026241462927], [-1.2564303631251312, 0, -99.98026241462927], [-3.7643325327405663, 0, -99.8224785841232], [-6.257378601609233, 0, -99.50753362380551], [-8.725729655861702, 0, -99.0366704775499], [-11.159644241569174, 0, -98.41174742707773], [-13.549516809811655, 0, -97.63523075816902], [-15.885915625391219, 0, -96.71018502735924], [-18.159619989581866, 0, -95.64026096753472], [-20.361656630014853, 0, -94.42968108015775], [-22.48333511408523, 0, -93.08322297098246], [-24.51628214611905, 0, -91.60620049502762], [-26.45247461294607, 0, -90.00444278521839], [-28.2842712474619, 0, -88.2842712474619], [-30.004442785218384, 0, -86.45247461294608], [-31.606200495027615, 0, -84.51628214611905], [-33.08322297098247, 0, -82.48333511408524], [-34.42968108015775, 0, -80.36165663001483], [-35.640260967534715, 0, -78.15961998958187], [-36.71018502735924, 0, -75.88591562539125], [-37.635230758169016, 0, -73.54951680981165], [-38.41174742707772, 0, -71.15964424156917], [-39.0366704775499, 0, -68.7257296558617], [-39.50753362380551, 0, -66.25737860160923], [-39.8224785841232, 0, -63.764332532740575], [-39.980262414629266, 0, -61.256430363125126], [-39.980262414629266, 0, -58.74356963687488], [-39.8224785841232, 0, -56.23566746725943], [-39.507533623805514, 0, -53.74262139839077], [-39.036670477549904, 0, -51.274270344138316], [-38.41174742707772, 0, -48.84035575843083], [-37.63523075816902, 0, -46.45048319018836], [-36.71018502735925, 0, -44.11408437460878], [-35.640260967534715, 0, -41.84038001041813], [-34.429681080157756, 0, -39.638343369985165], [-33.083222970982476, 0, -37.51666488591478], [-31.606200495027622, 0, -35.48371785388095], [-30.004442785218387, 0, -33.54752538705393], [-28.28427124746191, 0, -31.7157287525381], [-26.452474612946077, 0, -29.99555721478162], [-24.51628214611906, 0, -28.393799504972385], [-22.483335114085236, 0, -26.91677702901754], [-20.361656630014874, 0, -25.570318919842265], [-18.159619989581877, 0, -24.359739032465285], [-15.885915625391211, 0, -23.289814972640748], [-13.549516809811655, 0, -22.364769241830984], [-11.159644241569184, 0, -21.58825257292228], [-8.725729655861729, 0, -20.96332952245011], [-6.257378601609277, 0, -20.4924663761945], [-3.764332532740559, 0, -20.177521415876797], [-1.256430363125132, 0, -20.019737585370734], [1.2564303631251172, 0, -20.019737585370734], [3.7643325327405797, 0, -20.177521415876797], [6.257378601609227, 0, -20.492466376194486], [8.725729655861716, 0, -20.96332952245011], [11.159644241569168, 0, -21.58825257292228], [13.549516809811674, 0, -22.364769241830984], [15.88591562539123, 0, -23.289814972640755], [18.159619989581866, 0, -24.359739032465278], [20.361656630014863, 0, -25.570318919842265], [22.48333511408522, 0, -26.916777029017524], [24.516282146119046, 0, -28.393799504972375], [26.452474612946077, 0, -29.99555721478162], [28.284271247461895, 0, -31.71572875253809], [30.004442785218366, 0, -33.54752538705391], [31.60620049502761, 0, -35.48371785388094], [33.08322297098246, 0, -37.516664885914764], [34.42968108015775, 0, -39.63834336998515], [35.640260967534715, 0, -41.84038001041812], [36.71018502735924, 0, -44.11408437460875], [37.635230758169, 0, -46.45048319018831], [38.41174742707773, 0, -48.840355758430846], [39.0366704775499, 0, -51.2742703441383], [39.50753362380551, 0, -53.74262139839075], [39.8224785841232, 0, -56.235667467259404], [39.98026241462926, 0, -58.74356963687483], [39.980262414629266, 0, -61.25643036312511], [39.8224785841232, 0, -63.764332532740575], [39.507533623805514, 0, -66.25737860160922], [39.036670477549904, 0, -68.72572965586167], [38.41174742707773, 0, -71.15964424156914], [37.63523075816902, 0, -73.54951680981164], [36.710185027359245, 0, -75.88591562539122], [35.64026096753472, 0, -78.15961998958187], [34.429681080157756, 0, -80.36165663001483], [33.083222970982476, 0, -82.48333511408522], [31.606200495027625, 0, -84.51628214611904], [30.00444278521838, 0, -86.45247461294608]],
