{
	"experiment_id": 1,
	"k_migration": 2,
	"k_lane_cohesion": 1,
	"k_rotation": 1,
	"k_seperation": 2,
	"r_conflict": 5,
	"r_collision": 2.5,
	"pass_permission": [false, false, false, false, false, false, false, false, false, false],
	"repeat": false,
	"pre_start_positions": [
		[
			-85,
			0,
			-60
		],
		[
			85,
			0,
			-60
		],
		[
			-85, 
			5,
			-60
		],
		[
			85,
			5,
			-60
		],
		[
			-85, 
			-5,
			-60
		],
		[
			85,
			-5,
			-60
		],
		[
			-85, 
			10,
			-60
		],
		[
			85,
			10,
			-60
		],
		[
			-85, 
			-10,
			-60
		],
		[
			85,
			-10,
			-60
		]
	],
	"initial_paths": [
		0,
		1,
		0,
		1,
		0,
		1,
		0,
		1,
		0,
		1
	],
	"path_rotation_dir": [
		1,1
	],
	"corridor_radius": [
		5,5
	],
	"corridor_points": [[[-80, 0, -60], [-40.0, 0, -60.0], [-39.921149119715594, 0, -57.48965082878281], [-39.68490735192846, 0, -54.9891988196642], [-39.29220609020609, 0, -52.50850211474558], [-38.74459357655727, 0, -50.05734096997202], [-38.0442287974198, 0, -47.64537919604271], [-37.19387297176143, 0, -45.28212605841202], [-36.196878664852576, 0, -42.976898786591775], [-35.05717657063015, 0, -40.73878584056392], [-33.77926001476372, 0, -38.57661107912698], [-32.36816723952129, 0, -36.498898971444326], [-30.82946154027741, 0, -34.5138409889494], [-29.16920933197627, 0, -32.629263310108946], [-27.39395623202381, 0, -30.85259596537003], [-25.51070125390298, 0, -29.190843543937895], [-23.526869213255, 0, -27.650557577874793], [-21.45028145521696, 0, -26.237810712396403], [-19.289125018424322, 0, -24.958172764200825], [-17.051920357250744, 0, -23.81668876222109], [-14.747487749541728, 0, -22.81785905737653], [-12.384912522280969, 0, -21.965621579741203], [-9.97350923228885, 0, -21.26333631308126], [-7.522784943172198, 0, -20.713772047971034], [-5.042401743307577, 0, -20.319095465714383], [-2.542138652632577, 0, -20.08086259610822], [-0.031853068429330535, 0, -20.000012682726613], [2.4785580978981865, 0, -20.076864479911613], [4.979197439832938, 0, -20.31111499607023], [7.4602060767056555, 0, -20.701840688232174], [9.911802522765816, 0, -21.247501103158612], [12.324321251119702, 0, -21.94594495064686], [14.688250800495661, 0, -22.794418585086746], [16.994271274598766, 0, -23.789576861829588], [19.233291086212148, 0, -24.9274963255682], [21.39648280117985, 0, -26.203690678732173], [23.47531794095437, 0, -27.61312846891343], [25.461600606498884, 0, -29.15025292558891], [27.34749979097977, 0, -30.809003867932816], [29.12558025385583, 0, -32.582841597346324], [30.788831834641375, 0, -34.46477268050715], [32.330697090772404, 0, -36.44737752128819], [33.745097150612644, 0, -38.52283961284188], [35.02645567967245, 0, -40.68297635452239], [36.169720865553025, 0, -42.919271312148936], [37.170385334939084, 0, -45.22290779442229], [38.02450392411662, 0, -47.58480361311833], [38.72870923295444, 0, -49.99564689001483], [39.280224901027395, 0, -52.44593276938129], [39.67687655353957, 0, -54.92600089129079], [39.91710037389264, 0, -57.42607347801452], [39.99994926910158, 0, -59.936293883340525], [39.92509660375052, 0, -62.44676545283546], [39.692837487767164, 0, -64.94759054184009], [39.304087612939, 0, -67.4289095373692], [38.76037964275805, 0, -69.88093973006954], [38.06385716982764, 0, -72.29401388298226], [37.2172662646542, 0, -74.65861834504986], [36.22394464914339, 0, -76.96543055910448], [35.08780853748466, 0, -79.2053558164596], [33.81333719630436, 0, -81.36956311319958], [32.405555284959966, 0, -83.44951996680109], [30.870013045599357, 0, -85.43702605582118], [29.21276442108693, 0, -87.32424555002531], [27.44034318706731, 0, -89.1037380034931], [25.559737192267363, 0, -90.7684876889038], [23.57836080859503, 0, -92.31193125734997], [21.504025699651613, 0, -93.72798361462961], [19.344910022904397, 0, -95.01106191199766], [17.109526186940748, 0, -96.15610755679307], [14.806687290922664, 0, -97.15860615616293], [12.445472378555289, 0, -98.01460531525505], [10.035190643557696, 0, -98.72073021970857], [7.585344727756786, 0, -99.27419694100813], [5.105593256503695, 0, -99.67282341224461], [2.605712759118062, 0, -99.91503803100994], [0.09555912449126154, 0, -99.99988585550872], [-2.4149712561898418, 0, -99.92703236945837], [-4.91598050640034, 0, -99.69676480093425], [-7.397608287091305, 0, -99.30999098996028], [-9.850070671510418, 0, -98.7682358093098], [-12.263698718763955, 0, -98.07363515262743], [-14.628976594041628, 0, -97.22892751357448], [-16.936579085214294, 0, -96.23744318919702], [-19.177408367893147, 0, -95.10309115008337], [-21.342629874002938, 0, -93.83034362907532], [-23.423707122455287, 0, -92.42421848929342], [-25.412435374601095, 0, -90.89025944099083], [-27.300973981774032, 0, -89.23451418523143], [-29.081877297392722, 0, -87.46351057056242], [-30.748124031750336, 0, -85.58423085668392], [-32.29314493375802, 0, -83.60408418658302], [-33.71084869050679, 0, -81.53087737566113], [-34.995645942536505, 0, -79.37278413302096], [-36.14247132013173, 0, -77.13831283625828], [-37.14680341376462, 0, -74.83627298680922], [-38.004682599951146, 0, -72.47574047810271], [-38.71272665224091, 0, -70.06602181345124], [-39.26814407579372, 0, -67.6166174147522], [-39.66874511297099, 0, -65.13718416665594], [-39.912950376551464, 0, -62.637497343873555]],
