{
	"experiment_id": 1,
	"k_migration": 2,
	"k_lane_cohesion": 1,
	"k_rotation": 1,
	"k_seperation": 2,
	"r_conflict": 5,
	"r_collision": 2.5,
	"stick_to_radius":[
      true,
      true,
      true,
      true,
      true,
      true,
      true,
      true,
      true,
      true
   ],
	"pass_permission": [false, false, false, false, false, false, false, false, false, false],
	"repeat": true,
	"pre_start_positions": [
		[
			-45,
			0,
			-40
		],
		[
			45,
			0,
			-40
		],
		[
			-45, 
			5,
			-40
		],
		[
			45,
			5,
			-40
		],
		[
			-45, 
			-5,
			-40
		],
		[
			45,
			-5,
			-40
		],
		[
			-45, 
			10,
			-40
		],
		[
			45,
			10,
			-40
		],
		[
			-45, 
			-10,
			-40
		],
		[
			45,
			-10,
			-40
		]
	],
	"initial_paths": [
		0,
		0,
		0,
		0,
		0,
		0,
		0,
		0,
		0,
		0
	],
	"path_rotation_dir": [
		1
	],
	"corridor_radius": [
		5
	],
	"corridor_points": [[[-39.99994926910158, 0, -40.03185305832974], [-39.92509660375052, 0, -38.776617273582275], [-39.692837487767164, 0, -37.52620472907996], [-39.304087612939, 0, -36.2855452313154], [-38.76037964275805, 0, -35.05953013496523], [-38.06385716982764, 0, -33.85299305850887], [-37.2172662646542, 0, -32.67069082747507], [-36.22394464914339, 0, -31.51728472044777], [-35.08780853748466, 0, -30.3973220917702], [-33.81333719630437, 0, -29.31521844340022], [-32.405555284959966, 0, -28.275240016599454], [-30.870013045599368, 0, -27.281486972089418], [-29.21276442108693, 0, -26.337877224987345], [-27.44034318706731, 0, -25.448130998253447], [-25.559737192267388, 0, -24.615756155548112], [-23.57836080859503, 0, -23.844034371325016], [-21.504025699651613, 0, -23.136008192685196], [-19.344910022904397, 0, -22.49446904400117], [-17.109526186940748, 0, -21.921946221603466], [-14.806687290922664, 0, -21.420696921918537], [-12.445472378555289, 0, -20.992697342372473], [-10.035190643557696, 0, -20.639634890145718], [-7.585344727756786, 0, -20.362901529495936], [-5.10559325650366, 0, -20.16358829387769], [-2.6057127591180977, 0, -20.042480984495036], [-0.09555912449126154, 0, -20.00005707224564], [2.4149712561898418, 0, -20.036483815270813], [4.91598050640034, 0, -20.151617599532877], [7.397608287091305, 0, -20.345004505019862], [9.850070671510418, 0, -20.6158820953451], [12.263698718763955, 0, -20.963182423686284], [14.628976594041628, 0, -21.385536243212762], [16.936579085214294, 0, -21.88127840540149], [19.17740836789318, 0, -22.44845442495832], [21.342629874002938, 0, -23.08482818546234], [23.42370712245526, 0, -23.787890755353278], [25.412435374601095, 0, -24.554870279504584], [27.300973981774032, 0, -25.382742907384287], [29.081877297392747, 0, -26.268244714718804], [30.74812403175031, 0, -27.207884571658028], [32.29314493375802, 0, -28.19795790670849], [33.71084869050679, 0, -29.234561312169433], [34.995645942536505, 0, -30.313607933489525], [36.14247132013173, 0, -31.43084358187086], [37.14680341376461, 0, -32.581863506595376], [38.004682599951146, 0, -33.762129760948646], [38.71272665224091, 0, -34.96698909327438], [39.26814407579373, 0, -36.191691292623915], [39.66874511297099, 0, -37.43140791667203], [39.912950376551464, 0, -38.681251328063226], [39.99979707653501, 0, -39.93629396413724], [39.92894281598443, 0, -41.191587764061616], [39.70066694094055, 0, -42.44218367677936], [39.315869439088104, 0, -43.68315117286062], [38.77606739151473, 0, -44.90959768333182], [38.08338899155192, 0, -46.11668788884438], [37.240565154279246, 0, -47.299662783133925], [36.25091874977139, 0, -48.453858435612005], [35.11835150253664, 0, -49.57472437911769], [33.847328608796296, 0, -50.657841550334666], [32.44286113225198, 0, -51.698939712142874], [30.910486247746512, 0, -52.69391428921625], [29.256245410708384, 0, -53.63884255049163], [27.486660538447655, 0, -54.52999907470871], [25.60870829721022, 0, -55.36387043804715], [23.629792596363707, 0, -56.13716906595481], [21.557715398159072, 0, -56.84684619455504], [19.400645958151223, 0, -57.490103890532424], [17.167088617548995, 0, -58.06440608210812], [14.865849274476124, 0, -58.56748855761434], [12.506000666329868, 0, -58.99736789224863], [10.096846600114668, 0, -59.35234926781341], [7.647885271773757, 0, -59.63103315461126], [5.16877181913317, 0, -59.83232082915244], [2.669280256096118, 0, -59.95541870592055], [0.15926493816318957, 0, -59.999841466118376], [-2.3513782887984407, 0, -59.965413971058595], [-4.85275110336233, 0, -59.8522719526558], [-7.334991733111228, 0, -59.66086147829737], [-9.788313835108323, 0, -59.39193719220327], [-12.203045078985502, 0, -59.04655934020793], [-14.569665280531334, 0, -58.626089589694345], [-16.87884393543615, 0, -58.13218566116059], [-19.121477005216352, 0, -57.56679479258369], [-21.28872281028665, 0, -56.932146062348245], [-23.372036888670856, 0, -56.230741601006784], [-25.363205682919443, 0, -55.46534672651993], [-27.25437892242139, 0, -54.6389790418686], [-29.03810057344146, 0, -53.754896538021455], [-30.707338234861435, 0, -52.81658474916209], [-32.25551086373087, 0, -51.827743010817194], [-33.676514721318924, 0, -50.79226987506324], [-34.9647474373726, 0, -49.714247740313525], [-36.11513009770838, 0, -48.59792675628256], [-37.12312726805462, 0, -47.447708067583946], [-37.98476487520105, 0, -46.26812646202381], [-38.69664587495721, 0, -45.063832492000415], [-39.255963645148654, 0, -43.839574139496705], [-39.660513050848465, 0, -42.600178096952135], [-39.90869913821874, 0, -41.350530737815546]]]

}
